priority_band,count,mean_risk,mean_cvss
P1,147608,0.9353696902650319,8.538964176004264
P2,76694,0.6976980596712327,6.127839168110678
P3,79831,0.5477564442607714,4.827887920740655
P4,45867,0.3244878621501132,2.276749866997337
